Gene_set,Term,Overlap,P-value,Adjusted P-value,Old P-value,Old Adjusted P-value,Odds Ratio,Combined Score,Genes,Group,Pathway,-log10(adj P)
Reactome_2022,Immune System R-HSA-168256,157/1943,9.16093116151094e-27,9.298345128933604e-24,0,0,3.036734752360882,182.06697560230592,CD86;IL1RN;CALML5;NCF2;CLEC10A;CD80;WIPF3;IFIT5;RNF19B;ICAM4;IFIT1;ABCA13;IFIT3;ICAM1;IFIT2;SOX2;HERC5;PLAU;CLEC5A;C3AR1;LGALS9;HLA-DOA;HERC6;GBP5;RSAD2;CYBB;RNASE1;OSCAR;CLEC4A;CLEC4E;SLC27A2;CD274;CSF1R;CCL3L1;ALOX15;TNFRSF11A;GPR84;CSF2RA;KIR2DL4;TRPM2;BCL2L11;CLEC7A;IRAK2;HMOX1;CD300LF;HLA-DQA1;ARSB;CCR1;ATP8B4;KLRC2;TNFRSF9;CRTAM;FN1;IL36G;ISG15;PILRA;LYZ;CXCL10;CD209;TNFSF4;TARM1;HLA-DRA;HPSE;XAF1;MUC20;ULBP1;HLA-DRB1;MUC21;LGMN;CIITA;SIGLEC9;ITGAM;CXCL8;TNFAIP6;TNFAIP3;TREM2;SLC2A5;IL18BP;IFIH1;GHR;GM2A;MRC1;BLNK;OLR1;CTLA4;CD36;HAVCR2;EDARADD;IL10;SERPINB2;DTX3L;SYK;RIPK2;MMP1;NFAM1;PLAUR;PDCD1LG2;MMP9;MMP12;NCR1;RNF144B;IL1A;CEACAM1;AIM2;OAS1;CEACAM6;OAS2;OAS3;TLR8;CHI3L1;IRF8;TLR7;IRF5;TLR4;TLR2;C1QB;LILRA6;COLEC12;C1QA;SRC;PTAFR;FGL2;NLRC5;IFI6;NOD2;NLRC4;USP18;PTPRZ1;RNASE7;CCL3;IL21R;TRIM46;FCGR1A;GBP2;XDH;GBP1;GBP4;CCL22;STAT1;IL10RB;MX1;LILRB1;LILRB2;LILRB4;LILRB5;P2RX7;MYO1E;IL2RA;TRIM36;SIGLEC1;FCGR2B;PIK3AP1;TRIM31;CD68;ASB2;SIGLEC7;C1QC,SCC,Reactome_2022: Immune System R-HSA-168256,23.03159433804004
GO_Biological_Process_2023,Inflammatory Response (GO:0006954),46/236,1.422725259318837e-22,4.1074078236534824e-19,0,0,7.488053736927132,376.6812852510149,CCL13;CSF1R;CIITA;CXCL9;CXCL8;CCL3L1;TNFAIP6;ALOX15;FPR3;ADM;NLRC4;CXCL13;CCL8;CCL7;IRAK2;ADORA3;CCRL2;C3AR1;BLNK;CCL3;OLR1;LGALS9;CCL18;CMKLR1;APOL2;CCR1;PLA2G2D;CCL22;RIPK2;IL10RB;NFAM1;PLA2G4C;CYBB;LYZ;TMIGD3;IL1A;CXCL10;CXCL11;TNFSF4;IL2RA;CHI3L1;SIGLEC1;FCGR2B;FOLR2;TLR4;TLR2,SCC,GO_Biological_Process_2023: Inflammatory Response (GO:0006954),18.386432173998276
Reactome_2022,Cytokine Signaling In Immune System R-HSA-1280215,73/702,3.755539482054123e-18,1.9059362871424668e-15,0,0,3.667173333906243,147.13909483332694,CD86;CIITA;IL1RN;ITGAM;CXCL8;CD80;IFIT5;IFIT1;IFIT3;IL18BP;ICAM1;IFIT2;SOX2;HERC5;GHR;BLNK;LGALS9;CD36;HAVCR2;EDARADD;IL10;GBP5;SERPINB2;RSAD2;SYK;RIPK2;MMP1;MMP9;IL1A;OAS1;OAS2;OAS3;IRF8;IRF5;CSF1R;CCL3L1;PTAFR;ALOX15;NLRC5;IFI6;TNFRSF11A;NOD2;CSF2RA;USP18;BCL2L11;PTPRZ1;IRAK2;RNASE7;CCL3;IL21R;TRIM46;HMOX1;FCGR1A;GBP2;GBP1;HLA-DQA1;GBP4;CCR1;CCL22;STAT1;IL10RB;TNFRSF9;MX1;FN1;IL36G;ISG15;CXCL10;TNFSF4;IL2RA;HLA-DRA;XAF1;TRIM31;HLA-DRB1,SCC,Reactome_2022: Cytokine Signaling In Immune System R-HSA-1280215,14.719891621328824
GO_Biological_Process_2023,Cytokine-Mediated Signaling Pathway (GO:0019221),40/257,3.389059685358661e-16,4.892107655815229e-13,0,0,5.638488479262673,200.847521077958,CCL13;CSF1R;CEBPA;CXCL9;CXCL8;CCL3L1;SRC;TNFRSF11A;CXCL13;CSF2RA;GHR;CCL8;CCL7;IRAK2;CCL3;IL21R;CCL18;CD300LF;DUOX2;CCR1;EDN2;CCL22;SYK;STAT1;MX1;IL36G;LILRB1;LILRB2;LILRB4;ST18;IL1A;CXCL10;CEACAM1;CXCL11;AIM2;OAS1;OAS2;IL2RA;IRF5;CARD14,SCC,GO_Biological_Process_2023: Cytokine-Mediated Signaling Pathway (GO:0019221),12.310503994437866
GO_Biological_Process_2023,Negative Regulation Of T Cell Proliferation (GO:0042130),16/36,7.351792017964642e-15,7.074874518621307e-12,0,0,23.80893682588598,774.8340472894819,CD86;IL10;PLA2G2F;CD274;PLA2G2D;CD80;CRTAM;LILRB1;LILRB2;PDCD1LG2;LILRB4;IL4I1;GPNMB;LGALS9;VSIG4;HLA-DRB1,SCC,GO_Biological_Process_2023: Negative Regulation Of T Cell Proliferation (GO:0042130),11.150281258468494
GO_Biological_Process_2023,Negative Regulation Of Lymphocyte Proliferation (GO:0050672),16/39,3.4570509197434076e-14,2.495126501324805e-11,0,0,20.700207677363167,641.6189881415562,CD86;IL10;PLA2G2F;CD274;PLA2G2D;CD80;LILRB1;LILRB2;PDCD1LG2;LILRB4;IL4I1;GPNMB;CTLA4;VSIG4;FCGR2B;HLA-DRB1,SCC,GO_Biological_Process_2023: Negative Regulation Of Lymphocyte Proliferation (GO:0050672),10.602907431028724
GO_Biological_Process_2023,Cellular Response To Cytokine Stimulus (GO:0071345),40/308,1.6769648207243598e-13,8.068995729052044e-11,0,0,4.553313432835821,133.94309419927802,CCL13;CSF1R;CEBPA;CXCL8;CCL3L1;ALOX15;IFIT1;CSF2RA;GHR;TRIM6;CCL8;CCL7;NLRP7;CCL3;IL21R;HAS2;LGALS9;CCL18;GBP2;GBP1;DUOX2;GBP4;CCR1;GBP5;EDN2;CCL22;STAT1;IL36G;LILRB1;LILRB2;LILRB4;DCSTAMP;IL1A;AIM2;OAS1;CHI3L1;IRF8;IRF5;TLR4;TLR2,SCC,GO_Biological_Process_2023: Cellular Response To Cytokine Stimulus (GO:0071345),10.093180514406997
GO_Biological_Process_2023,Negative Regulation Of T Cell Activation (GO:0050868),17/49,1.46089711377559e-13,8.068995729052044e-11,0,0,15.82518325617284,467.70625684882026,CD86;IL10;PLA2G2F;CD274;PLA2G2D;CD80;LILRB1;PDCD1LG2;LILRB2;LILRB4;IL4I1;CEACAM1;GPNMB;VSIG4;FCGR2B;HLA-DRB1;HAVCR2,SCC,GO_Biological_Process_2023: Negative Regulation Of T Cell Activation (GO:0050868),10.093180514406997
GO_Biological_Process_2023,Defense Response To Symbiont (GO:0140546),27/148,4.802461790026295e-13,1.7330883984757382e-10,0,0,6.720096375553771,190.612022775281,IFIT5;IFI6;NLRC5;IFIT1;DDX60;IFI44L;IFIT3;IFIT2;IFIH1;GBP2;GBP5;RSAD2;STAT1;MX1;ISG15;LILRB1;RNASE1;AIM2;OAS1;OAS2;OAS3;TLR8;TLR7;TRIM31;APOBEC3A;APOBEC3B;TLR2,SCC,GO_Biological_Process_2023: Defense Response To Symbiont (GO:0140546),9.761179284954222
GO_Biological_Process_2023,Response To Lipopolysaccharide (GO:0032496),28/159,4.4134070392395466e-13,1.7330883984757382e-10,0,0,6.443754718563879,183.31811538278376,CD86;CD274;CXCL9;CXCL8;CD80;TNFAIP3;TNFRSF11A;NOD2;CXCL13;CYP27B1;TRIM6;NLRP7;LGALS9;GBP2;IL10;GCH1;IL36G;NR1H3;LILRB1;PDCD1LG2;LILRB2;CXCL10;IL1A;CXCL11;TNFSF4;TRIB1;CD68;TLR4,SCC,GO_Biological_Process_2023: Response To Lipopolysaccharide (GO:0032496),9.761179284954222
GO_Biological_Process_2023,Granulocyte Chemotaxis (GO:0071621),5/73,9.484731096579772e-07,0.000145731386149,0,0,33.2269385026738,460.80488589003227,EDN3;JAML;CXCR1;CXCR2;CXCL13,ADC,GO_Biological_Process_2023: Granulocyte Chemotaxis (GO:0071621),3.8364469042123135
GO_Biological_Process_2023,Neutrophil Chemotaxis (GO:0030593),5/70,7.684710519251137e-07,0.000145731386149,0,0,34.76573426573427,489.4620078386217,EDN3;JAML;CXCR1;CXCR2;CXCL13,ADC,GO_Biological_Process_2023: Neutrophil Chemotaxis (GO:0030593),3.8364469042123135
GO_Biological_Process_2023,Neutrophil Migration (GO:1990266),5/77,1.2385103638726998e-06,0.000145731386149,0,0,31.374684343434343,426.7459448417509,EDN3;JAML;CXCR1;CXCR2;CXCL13,ADC,GO_Biological_Process_2023: Neutrophil Migration (GO:1990266),3.8364469042123135
Reactome_2022,Class A/1 (Rhodopsin-like Receptors) R-HSA-373076,7/327,1.3954583917386954e-05,0.001500117771119,0,0,10.224479166666669,114.30663537689595,HCAR2;EDN3;CXCR1;CXCR2;PROK2;UTS2;CXCL13,ADC,Reactome_2022: Class A/1 (Rhodopsin-like Receptors) R-HSA-373076,2.823874644051438
Reactome_2022,Peptide Ligand-Binding Receptors R-HSA-375276,6/196,8.080084836100839e-06,0.001500117771119,0,0,14.512362301101591,170.17353037669469,EDN3;CXCR1;CXCR2;PROK2;UTS2;CXCL13,ADC,Reactome_2022: Peptide Ligand-Binding Receptors R-HSA-375276,2.823874644051438
Reactome_2022,GPCR Ligand Binding R-HSA-500792,7/458,0.0001179876999802,0.0063607721874882,0,0,7.206208425720621,65.17965204713813,HCAR2;EDN3;CXCR1;CXCR2;PROK2;UTS2;CXCL13,ADC,Reactome_2022: GPCR Ligand Binding R-HSA-500792,2.196490158501207
Reactome_2022,GPCR Downstream Signaling R-HSA-388396,8/619,0.0001183399476742,0.0063607721874882,0,0,6.176200550876213,55.8448914007789,HCAR2;EDN3;CXCR1;CXCR2;PROK2;UTS2;CXCL13;ARHGEF40,ADC,Reactome_2022: GPCR Downstream Signaling R-HSA-388396,2.196490158501207
Reactome_2022,Signaling By GPCR R-HSA-372790,8/689,0.0002461613907263,0.0105849398012329,0,0,5.52129221732746,45.87930564842872,HCAR2;EDN3;CXCR1;CXCR2;PROK2;UTS2;CXCL13;ARHGEF40,ADC,Reactome_2022: Signaling By GPCR R-HSA-372790,1.9753116075611221
Reactome_2022,Chemokine Receptors Bind Chemokines R-HSA-380108,3/56,0.0003496416918617,0.0125288272917131,0,0,24.48482362592289,194.86495808619284,CXCR1;CXCR2;CXCL13,ADC,Reactome_2022: Chemokine Receptors Bind Chemokines R-HSA-380108,1.9020895774154765
Reactome_2022,Immune System R-HSA-168256,13/1943,0.0006107418254312,0.0187584989239613,0,0,3.371804835924007,24.95417539826086,GCA;TRAT1;KRT1;PSMB9;JAML;CXCR1;SELL;CXCR2;LAIR2;MNDA;LTB;ICOS;MUC21,ADC,Reactome_2022: Immune System R-HSA-168256,1.7268019172961375
GO_Biological_Process_2023,Cilium Assembly (GO:0060271),40/243,1.0283053305910659e-09,3.0077930919788675e-06,0,0,3.371246156416358,69.76913161619447,CEP126;TTC26;IFT172;DNAH5;SPATA6;PTPDC1;ABLIM1;STK36;WDR90;TCTN2;IQUB;TEKT2;CFAP47;POC1A;CFAP46;CFAP43;CC2D2A;PLK4;BBS1;DNAAF3;CFAP70;RAB3IP;CCDC113;ARMC9;RFX3;KIF24;DCDC2;IFT122;FOXJ1;CFAP221;RP1;RSPH1;FAM161A;UBXN10;WDPCP;ZMYND10;RAB17;DZIP1;CFAP54;CCDC40,HSIL,GO_Biological_Process_2023: Cilium Assembly (GO:0060271),5.5217520424495765
GO_Biological_Process_2023,Cilium Organization (GO:0044782),35/228,6.927794930418722e-08,0.0001013190008573,0,0,3.090181914451042,50.94207893036421,CEP126;TTC26;IFT172;DNAH5;PTPDC1;CFAP126;ABLIM1;STK36;WDR90;TCTN2;IQUB;TEKT2;CFAP47;POC1A;CFAP43;CC2D2A;PLK4;BBS1;CFAP70;RAB3IP;CCDC113;ARMC9;RFX3;KIF24;DCDC2;IFT122;FOXJ1;CFAP221;FAM161A;UBXN10;WDPCP;MNS1;RAB17;DZIP1;CFAP54,HSIL,GO_Biological_Process_2023: Cilium Organization (GO:0044782),3.9943091015927092
GO_Biological_Process_2023,Plasma Membrane Bounded Cell Projection Assembly (GO:0120031),38/275,3.1818666636736697e-07,0.0003102319997081,0,0,2.7332198377862964,40.89068421100899,CEP126;TTC26;IFT172;DNAH5;PTPDC1;FGD5;ABLIM1;STK36;WDR90;TCTN2;IQUB;TEKT2;CFAP47;POC1A;CFAP43;CC2D2A;PLK4;BBS1;CARMIL1;DMTN;SPAG6;CFAP70;RAB3IP;CCDC113;ARMC9;RFX3;KIF24;DCDC2;IFT122;FOXJ1;AIF1L;CFAP221;FAM161A;UBXN10;WDPCP;RAB17;DZIP1;CFAP54,HSIL,GO_Biological_Process_2023: Plasma Membrane Bounded Cell Projection Assembly (GO:0120031),3.508313407747788
Reactome_2022,Resolution Of D-Loop Structures R-HSA-5693537,11/34,1.5440361192649786e-06,0.0005635731835317,0,0,8.047593167701864,107.68573515284848,RAD51AP1;BRIP1;RMI2;RAD51;EXO1;XRCC2;XRCC3;SLX1A;BRCA1;DNA2;BRCA2,HSIL,Reactome_2022: Resolution Of D-Loop Structures R-HSA-5693537,3.2490496800787985
Reactome_2022,Resolution Of D-loop Structures Thru Holliday Junction Intermediates R-HSA-5693568,11/33,1.1005656126598328e-06,0.0005635731835317,0,0,8.413839285714285,115.43523572152444,RAD51AP1;BRIP1;RMI2;RAD51;EXO1;XRCC2;XRCC3;SLX1A;BRCA1;DNA2;BRCA2,HSIL,Reactome_2022: Resolution Of D-loop Structures Thru Holliday Junction Intermediates R-HSA-5693568,3.2490496800787985
Reactome_2022,Resolution Of D-loop Structures Thru Synthesis-Dependent Strand Annealing (SDSA) R-HSA-5693554,10/27,1.119690366840285e-06,0.0005635731835317,0,0,9.892427979220232,135.55058255416185,RAD51AP1;BRIP1;RMI2;RAD51;EXO1;XRCC2;XRCC3;BRCA1;DNA2;BRCA2,HSIL,Reactome_2022: Resolution Of D-loop Structures Thru Synthesis-Dependent Strand Annealing (SDSA) R-HSA-5693554,3.2490496800787985
Reactome_2022,Impaired BRCA2 Binding To PALB2 R-HSA-9709603,9/24,3.4578267020062243e-06,0.0007572640477393,0,0,10.08235294117647,126.78428042357748,RAD51AP1;RMI2;BRIP1;RAD51;EXO1;XRCC2;BRCA1;DNA2;BRCA2,HSIL,Reactome_2022: Impaired BRCA2 Binding To PALB2 R-HSA-9709603,3.1207526614760264
Reactome_2022,Homologous DNA Pairing And Strand Exchange R-HSA-5693579,12/43,3.0192670051156307e-06,0.0007572640477393,0,0,6.516647928738217,82.82983049169076,RAD51AP1;BRIP1;RFC3;RMI2;RAD51;EXO1;XRCC2;CHEK1;XRCC3;BRCA1;DNA2;BRCA2,HSIL,Reactome_2022: Homologous DNA Pairing And Strand Exchange R-HSA-5693579,3.1207526614760264
Reactome_2022,Defective HDR Thru Homologous Recombination (HRR) Due To BRCA1 Loss-Of-Function R-HSA-9701192,9/25,5.1321090118011154e-06,0.0009366098946537,0,0,9.451704545454543,115.12170342330788,RAD51AP1;BRIP1;RMI2;RAD51;EXO1;XRCC2;BRCA1;DNA2;BRCA2,HSIL,Reactome_2022: Defective HDR Thru Homologous Recombination (HRR) Due To BRCA1 Loss-Of-Function R-HSA-9701192,3.0284412585005502
Reactome_2022,HDR Thru Homologous Recombination (HRR) R-HSA-5685942,14/67,1.8446749560590607e-05,0.0028855986812638,0,0,4.449654566645834,48.504004146113466,RFC3;RMI2;XRCC2;XRCC3;BRCA1;BRCA2;RAD51AP1;BRIP1;RAD51;EXO1;CHEK1;SLX1A;DNA2;POLE,HSIL,Reactome_2022: HDR Thru Homologous Recombination (HRR) R-HSA-5685942,2.5397640691648755
Reactome_2022,Extracellular Matrix Organization R-HSA-1474244,45/291,3.860656427412085e-22,2.9340988848331845e-19,0,0,7.391243082598893,364.4328887784467,COL15A1;SPARC;TNXB;LAMA2;COL14A1;ITGB3;COL12A1;HTRA1;FBLN2;THBS1;LOXL2;ADAMTS4;ADAMTS5;EFEMP2;ADAMTS2;ADAMTS1;CTSK;KDR;TPSAB1;PRSS2;JAM2;JAM3;MMP7;LUM;MMP2;BGN;PCOLCE;P3H3;ASPN;DCN;CAPN13;MFAP5;MFAP4;COL3A1;COL1A2;COL4A2;COL4A1;COL6A2;COL5A2;ITGA8;COL8A1;COL6A3;FMOD;DDR2;FBN1,Normal,Reactome_2022: Extracellular Matrix Organization R-HSA-1474244,18.532525253678244
GO_Biological_Process_2023,Extracellular Matrix Organization (GO:0030198),27/176,1.1259876454775109e-13,2.63706306570833e-10,0,0,7.090590440996658,211.4055686340145,COL15A1;COL14A1;COL12A1;THSD4;LOXL2;ADAMTS4;ADAMTS5;C6ORF15;ADAMTS2;FLRT2;ADAMTS1;CTSK;TPSAB1;PRSS2;MMP7;MIA;LUM;MMP2;SERPINF2;SMOC2;COL3A1;COL1A2;COL4A2;COL4A1;COL5A2;COL8A1;DDR2,Normal,GO_Biological_Process_2023: Extracellular Matrix Organization (GO:0030198),9.578879483873
GO_Biological_Process_2023,Positive Regulation Of Cell Differentiation (GO:0045597),32/283,3.256902451061376e-12,3.813832770192871e-09,0,0,5.01304393876437,132.59623807325133,ACVRL1;CSF3;TNXB;LAMA2;TWIST1;PTN;MEDAG;LOXL2;GJA1;FRZB;PDPN;BOC;KDR;CCN4;NRCAM;CCN2;APOB;CD34;SOX5;SERPINB3;EDN3;ZBTB16;SERPINF2;ADRA2C;ALOX15B;BMP6;SFRP1;IL6;SFRP2;FERMT2;DDR2;LTF,Normal,GO_Biological_Process_2023: Positive Regulation Of Cell Differentiation (GO:0045597),8.418638353915789
GO_Biological_Process_2023,Regulation Of Cell Migration (GO:0030334),38/434,7.396786732430943e-11,5.7744248424510894e-08,0,0,3.7912980739067694,88.44109007431648,ACVRL1;ROBO4;TNXB;SEMA3B;FAM107A;TNC;CHRD;TWIST2;STC1;TWIST1;THY1;FGF2;THBS1;MYLK;CDH5;FGF7;PDPN;KDR;SERPINB3;PDGFRB;PDGFRA;MMP7;F10;IGFBP5;FZD4;CAV1;KRT5;SULF1;PODN;ALOX15B;CLDN5;SFRP1;CXCL12;SFRP2;CDH11;CDH13;ROR2;FERMT2,Normal,GO_Biological_Process_2023: Regulation Of Cell Migration (GO:0030334),7.238491266879848
GO_Biological_Process_2023,Regulation Of Angiogenesis (GO:0045765),25/205,1.576992042001554e-10,9.2332884059191e-08,0,0,5.404065860215054,121.97155882218388,SPARC;HSPB6;ECSCR;TWIST1;GATA2;THBS2;FGF2;THBS1;CDH5;ADAMTS1;CCN6;KDR;CD34;PTGIS;VEGFC;NRG1;SULF1;DCN;CLDN5;SMOC2;SFRP1;IL6;SFRP2;COL4A2;TEK,Normal,GO_Biological_Process_2023: Regulation Of Angiogenesis (GO:0045765),7.0346435988439024
GO_Biological_Process_2023,Extracellular Structure Organization (GO:0043062),18/109,4.24802487224758e-10,1.935414353117689e-07,0,0,7.624232626220698,164.5263410678688,COL15A1;MMP7;MIA;COL14A1;MMP2;THSD4;ADAMTS4;ADAMTS5;SMOC2;C6ORF15;ADAMTS2;COL3A1;COL1A2;COL4A2;COL4A1;ADAMTS1;COL5A2;COL8A1,Normal,GO_Biological_Process_2023: Extracellular Structure Organization (GO:0043062),6.713226042527085
GO_Biological_Process_2023,External Encapsulating Structure Organization (GO:0045229),18/110,4.958362988345912e-10,1.935414353117689e-07,0,0,7.540971561932752,161.5636211551792,COL15A1;MMP7;MIA;COL14A1;MMP2;THSD4;ADAMTS4;ADAMTS5;SMOC2;C6ORF15;ADAMTS2;COL3A1;COL1A2;COL4A2;COL4A1;ADAMTS1;COL5A2;COL8A1,Normal,GO_Biological_Process_2023: External Encapsulating Structure Organization (GO:0045229),6.713226042527085
Reactome_2022,Collagen Formation R-HSA-1474290,16/90,1.299591274363698e-09,3.894253517121507e-07,0,0,8.308268664704308,169.997279952638,COL15A1;MMP7;COL14A1;COL12A1;PCOLCE;P3H3;LOXL2;ADAMTS2;COL3A1;COL1A2;COL4A2;COL4A1;COL6A2;COL5A2;COL6A3;COL8A1,Normal,Reactome_2022: Collagen Formation R-HSA-1474290,6.409575779189112
Reactome_2022,Collagen Biosynthesis And Modifying Enzymes R-HSA-1650814,14/67,1.537205335705858e-09,3.894253517121507e-07,0,0,10.121097093520897,205.3904574839438,COL15A1;COL14A1;COL12A1;PCOLCE;P3H3;ADAMTS2;COL3A1;COL1A2;COL4A2;COL4A1;COL6A2;COL5A2;COL6A3;COL8A1,Normal,Reactome_2022: Collagen Biosynthesis And Modifying Enzymes R-HSA-1650814,6.409575779189112
Reactome_2022,Diseases Of Glycosylation R-HSA-3781865,19/143,6.073159188797043e-09,1.1539002458714383e-06,0,0,5.907740007711091,111.77081895673888,SPON1;CHST6;EGFL7;LUM;OMD;BGN;PRELP;THBS2;MUC5B;THBS1;DCN;THSD4;ADAMTS4;ADAMTS5;ADAMTS2;SLPI;ADAMTS1;FMOD;MUC6,Normal,Reactome_2022: Diseases Of Glycosylation R-HSA-3781865,5.937831734109351
